{
    "extends": [
        "config:base"
    ],
    "baseBranches": [
        "dev"
    ],
    "assignees": [
        "LouisBarranqueiro"
    ],
    "separateMinorPatch": true,
    "reviewers": [
        "LouisBarranqueiro"
    ],
    "packageRules": [
        {
            "updateTypes": [
                "minor",
                "patch"
            ],
            "automerge": true,
            "automergeType": "branch"
        },
        {
            "packagePatterns": [
                "eslint",
                "^jest$",
                "^@babel/",
                "^babel-",
                "^@types/"
            ],
            "automerge": true,
            "automergeType": "branch"
        }
    ]
}
